{"cameraMode":{"drawMode":0,"name":"Shaded","section":"Shading Mode"},"sceneLighting":true,"audioPlay":false,"sceneViewState":{"showFog":true,"showMaterialUpdate":false,"showSkybox":true,"showFlares":true,"showImageEffects":true,"showParticleSystems":true},"in2DMode":false,"pivot":{"x":4.923913955688477,"y":8.187639236450196,"z":25.817520141601564},"rotation":{"x":-0.26207077503204348,"y":0.45087239146232607,"z":-0.1403077095746994,"w":-0.8417128920555115},"size":42.63233947753906,"orthographic":false}