{"cameraMode":{"drawMode":0,"name":"Shaded","section":"Shading Mode"},"sceneLighting":true,"audioPlay":false,"sceneViewState":{"showFog":true,"showMaterialUpdate":false,"showSkybox":true,"showFlares":true,"showImageEffects":true,"showParticleSystems":true},"in2DMode":false,"pivot":{"x":15.7666015625,"y":2.348661422729492,"z":18.305179595947267},"rotation":{"x":-0.29384586215019228,"y":0.5759110450744629,"z":-0.23288576304912568,"w":-0.7265482544898987},"size":31.38565444946289,"orthographic":false}