{"cameraMode":{"drawMode":0,"name":"Shaded","section":"Shading Mode"},"sceneLighting":true,"audioPlay":false,"sceneViewState":{"showFog":true,"showMaterialUpdate":false,"showSkybox":false,"showFlares":true,"showImageEffects":true,"showParticleSystems":true},"in2DMode":false,"pivot":{"x":5.214664936065674,"y":0.49870777130126955,"z":3.3576574325561525},"rotation":{"x":-0.2913689613342285,"y":-0.3030170798301697,"z":0.09764229506254196,"w":-0.9022226929664612},"size":15.795726776123047,"orthographic":false}