{"cameraMode":{"drawMode":0,"name":"Shaded","section":"Shading Mode"},"sceneLighting":true,"audioPlay":false,"sceneViewState":{"showFog":true,"showMaterialUpdate":false,"showSkybox":true,"showFlares":true,"showImageEffects":true,"showParticleSystems":true},"in2DMode":false,"pivot":{"x":-27.253124237060548,"y":6.260322570800781,"z":23.784343719482423},"rotation":{"x":-0.5180405378341675,"y":0.19448280334472657,"z":-0.12260452657938004,"w":-0.8240108489990234},"size":38.209930419921878,"orthographic":false}