{"cameraMode":{"drawMode":0,"name":"Shaded","section":"Shading Mode"},"sceneLighting":true,"audioPlay":false,"sceneViewState":{"showFog":true,"showMaterialUpdate":false,"showSkybox":true,"showFlares":true,"showImageEffects":true,"showParticleSystems":true},"in2DMode":false,"pivot":{"x":-4.061397552490234,"y":-2.5860719680786135,"z":29.00970458984375},"rotation":{"x":-0.09058087319135666,"y":0.6383631229400635,"z":-0.07647136598825455,"w":-0.7607328295707703},"size":38.16880416870117,"orthographic":false}