{"cameraMode":{"drawMode":0,"name":"Shaded","section":"Shading Mode"},"sceneLighting":true,"audioPlay":false,"sceneViewState":{"showFog":true,"showMaterialUpdate":false,"showSkybox":true,"showFlares":true,"showImageEffects":true,"showParticleSystems":true},"in2DMode":false,"pivot":{"x":-113.28783416748047,"y":-19.89552116394043,"z":-211.51622009277345},"rotation":{"x":-0.01393263041973114,"y":0.9647309184074402,"z":-0.05247002840042114,"w":-0.258147656917572},"size":255.59210205078126,"orthographic":false}