{"cameraMode":{"drawMode":0,"name":"Shaded","section":"Shading Mode"},"sceneLighting":true,"audioPlay":false,"sceneViewState":{"showFog":true,"showMaterialUpdate":false,"showSkybox":false,"showFlares":true,"showImageEffects":true,"showParticleSystems":true},"in2DMode":false,"pivot":{"x":8.920890808105469,"y":1.2291507720947266,"z":2.7609519958496095},"rotation":{"x":0.03609158843755722,"y":-0.8133252263069153,"z":-0.051221638917922977,"w":-0.5786433219909668},"size":5.472431182861328,"orthographic":false}