{"cameraMode":{"drawMode":0,"name":"Shaded","section":"Shading Mode"},"sceneLighting":false,"audioPlay":false,"sceneViewState":{"showFog":true,"showMaterialUpdate":false,"showSkybox":false,"showFlares":true,"showImageEffects":true,"showParticleSystems":true},"in2DMode":false,"pivot":{"x":24.100000381469728,"y":5.729004859924316,"z":15.640000343322754},"rotation":{"x":-0.003007632913067937,"y":0.9782231450080872,"z":-0.2072817087173462,"w":-0.01405162550508976},"size":10.171279907226563,"orthographic":false}