{"cameraMode":{"drawMode":0,"name":"Shaded","section":"Shading Mode"},"sceneLighting":false,"audioPlay":false,"sceneViewState":{"showFog":true,"showMaterialUpdate":false,"showSkybox":false,"showFlares":true,"showImageEffects":true,"showParticleSystems":true},"in2DMode":false,"pivot":{"x":-0.17116843163967133,"y":-0.30033156275749209,"z":-1.6823252439498902},"rotation":{"x":0.005205800291150808,"y":0.994571328163147,"z":-0.0840509831905365,"w":0.061874207109212878},"size":2.5417704582214357,"orthographic":false}