{"cameraMode":{"drawMode":0,"name":"Shaded","section":"Shading Mode"},"sceneLighting":false,"audioPlay":false,"sceneViewState":{"showFog":true,"showMaterialUpdate":false,"showSkybox":false,"showFlares":true,"showImageEffects":true,"showParticleSystems":true},"in2DMode":false,"pivot":{"x":-2.8632068634033205,"y":0.836700439453125,"z":1.2188632488250733},"rotation":{"x":-0.20948956906795503,"y":0.6409658193588257,"z":-0.18798285722732545,"w":-0.7141665816307068},"size":15.791587829589844,"orthographic":false}