{"cameraMode":{"drawMode":0,"name":"Shaded","section":"Shading Mode"},"sceneLighting":false,"audioPlay":false,"sceneViewState":{"showFog":true,"showMaterialUpdate":false,"showSkybox":false,"showFlares":true,"showImageEffects":true,"showParticleSystems":true},"in2DMode":false,"pivot":{"x":0.3650369644165039,"y":-0.9201145172119141,"z":-0.9297440052032471},"rotation":{"x":-0.12179307639598847,"y":0.8738442063331604,"z":-0.37648823857307436,"w":-0.2826850712299347},"size":6.066549777984619,"orthographic":false}