{"cameraMode":{"drawMode":0,"name":"Shaded","section":"Shading Mode"},"sceneLighting":false,"audioPlay":false,"sceneViewState":{"showFog":true,"showMaterialUpdate":false,"showSkybox":false,"showFlares":true,"showImageEffects":true,"showParticleSystems":true},"in2DMode":false,"pivot":{"x":0.13095155358314515,"y":1.8155221939086915,"z":-0.42593830823898318},"rotation":{"x":-0.003007632913067937,"y":0.9782231450080872,"z":-0.2072817087173462,"w":-0.01405162550508976},"size":3.666548728942871,"orthographic":false}