{"cameraMode":{"drawMode":0,"name":"Shaded","section":"Shading Mode"},"sceneLighting":false,"audioPlay":false,"sceneViewState":{"showFog":true,"showMaterialUpdate":false,"showSkybox":false,"showFlares":true,"showImageEffects":true,"showParticleSystems":true},"in2DMode":false,"pivot":{"x":-0.24628043174743653,"y":-1.9812910556793213,"z":1.059067726135254},"rotation":{"x":-0.09129747003316879,"y":0.8703517913818359,"z":-0.1762477606534958,"w":-0.450758695602417},"size":3.0607500076293947,"orthographic":false}