{"cameraMode":{"drawMode":0,"name":"Shaded","section":"Shading Mode"},"sceneLighting":true,"audioPlay":false,"sceneViewState":{"showFog":true,"showMaterialUpdate":false,"showSkybox":false,"showFlares":true,"showImageEffects":true,"showParticleSystems":true},"in2DMode":false,"pivot":{"x":3.1746082305908205,"y":-4.366350173950195,"z":-4.121365070343018},"rotation":{"x":-0.35583314299583437,"y":-0.6178831458091736,"z":0.3679870367050171,"w":-0.5970299243927002},"size":13.145176887512207,"orthographic":false}