{"cameraMode":{"drawMode":0,"name":"Shaded","section":"Shading Mode"},"sceneLighting":false,"audioPlay":false,"sceneViewState":{"showFog":true,"showMaterialUpdate":false,"showSkybox":false,"showFlares":true,"showImageEffects":true,"showParticleSystems":true},"in2DMode":false,"pivot":{"x":-0.1298859417438507,"y":0.693361759185791,"z":-0.22408469021320344},"rotation":{"x":-0.04869984835386276,"y":0.9433631896972656,"z":-0.16028718650341035,"w":-0.2865198850631714},"size":2.4452342987060549,"orthographic":false}