{"cameraMode":{"drawMode":0,"name":"Shaded","section":"Shading Mode"},"sceneLighting":false,"audioPlay":false,"sceneViewState":{"showFog":true,"showMaterialUpdate":false,"showSkybox":false,"showFlares":true,"showImageEffects":true,"showParticleSystems":true},"in2DMode":false,"pivot":{"x":-0.6323274374008179,"y":0.47758275270462038,"z":-1.231038212776184},"rotation":{"x":-0.05589110776782036,"y":0.9438397884368897,"z":-0.21784339845180512,"w":-0.24262477457523347},"size":5.09956169128418,"orthographic":false}