{"cameraMode":{"drawMode":0,"name":"Shaded","section":"Shading Mode"},"sceneLighting":true,"audioPlay":false,"sceneViewState":{"showFog":true,"showMaterialUpdate":false,"showSkybox":true,"showFlares":true,"showImageEffects":true,"showParticleSystems":true},"in2DMode":false,"pivot":{"x":12.171661376953125,"y":8.350366592407227,"z":-6.645651817321777},"rotation":{"x":0.4108850657939911,"y":-0.4423983693122864,"z":0.23896430432796479,"w":0.7605434656143189},"size":34.691612243652347,"orthographic":false}