{"cameraMode":{"drawMode":0,"name":"Shaded","section":"Shading Mode"},"sceneLighting":false,"audioPlay":false,"sceneViewState":{"showFog":true,"showMaterialUpdate":false,"showSkybox":false,"showFlares":true,"showImageEffects":true,"showParticleSystems":true},"in2DMode":false,"pivot":{"x":-21.335102081298829,"y":1.2136287689208985,"z":-17.880361557006837},"rotation":{"x":-0.39290478825569155,"y":0.4016435444355011,"z":-0.1965963989496231,"w":-0.803687334060669},"size":111.5083236694336,"orthographic":false}